period,year,month_num,month_name,month_label,type1_attendances,type2_attendances,type3_attendances,total_attendances,emerg_admissions_type1,emerg_admissions_type2,emerg_admissions_type3,total_emerg_admissions,type1_within_4hrs,type1_over_4hrs,total_within_4hrs,total_over_4hrs,total_4hr_denominator,pct_within_4hrs
2010-08-01,2010,8,August,Aug 2010,1138652,54371,559358,1752381,287438,5367,8081,300886,,,,,,
2010-09-01,2010,9,September,Sep 2010,1150728,55181,550359,1756268,293991,5543,3673,303207,,,,,,
2010-10-01,2010,10,October,Oct 2010,1163143,54961,583244,1801348,303452,5485,2560,311497,,,,,,
2010-11-01,2010,11,November,Nov 2010,1111295,53727,486005,1651027,297832,5731,3279,306842,1065456.0,45838.0,1604591.0,46436.0,1651027.0,97.2
2010-12-01,2010,12,December,Dec 2010,1159204,45536,533001,1737741,318602,6277,3198,328078,1070729.0,88475.0,1647824.0,89917.0,1737741.0,94.8
2011-01-01,2011,1,January,Jan 2011,1133881,51585,542331,1727797,308368,5567,3626,317561,1061898.0,71983.0,1654907.0,72889.0,1727796.0,95.8
2011-02-01,2011,2,February,Feb 2011,1053707,51249,494408,1599364,276646,1678,2801,281125,1007385.0,46322.0,1552421.0,46943.0,1599364.0,97.1
2011-03-01,2011,3,March,Mar 2011,1225222,57900,580319,1863441,308390,2264,3822,314476,1167090.0,58132.0,1804268.0,59173.0,1863441.0,96.8
2011-04-01,2011,4,April,Apr 2011,1197213,54042,593120,1844375,295580,2939,3067,301586,1140917.0,56295.0,1786995.0,57380.0,1844375.0,96.9
2011-05-01,2011,5,May,May 2011,1221687,57067,594941,1873695,299961,2982,2786,305729,1168080.0,53607.0,1818890.0,54805.0,1873695.0,97.1
2011-06-01,2011,6,June,Jun 2011,1168468,54739,562210,1785417,290244,2839,2596,295678,1117615.0,50853.0,1733716.0,51702.0,1785418.0,97.1
2011-07-01,2011,7,July,Jul 2011,1211066,56204,597690,1864959,299077,3494,2593,305165,1167234.0,43832.0,1820074.0,44885.0,1864959.0,97.6
2011-08-01,2011,8,August,Aug 2011,1135801,51890,570417,1758108,289884,2844,3225,295953,1091367.0,44435.0,1713032.0,45077.0,1758109.0,97.4
2011-09-01,2011,9,September,Sep 2011,1162143,52329,566738,1781211,291050,3171,3074,297295,1107671.0,54472.0,1725818.0,55392.0,1781210.0,96.9
2011-10-01,2011,10,October,Oct 2011,1200708,54447,593757,1848912,305952,2177,4082,312211,1139227.0,61481.0,1786460.0,62453.0,1848913.0,96.6
2011-11-01,2011,11,November,Nov 2011,1134959,51772,554709,1741441,296726,2987,4475,304188,1076774.0,58186.0,1682309.0,59132.0,1741441.0,96.6
2011-12-01,2011,12,December,Dec 2011,1141606,47961,542479,1732046,313714,3073,4231,321017,1069766.0,71841.0,1659214.0,72832.0,1732046.0,95.8
2012-01-01,2012,1,January,Jan 2012,1137916,51607,547995,1737518,307651,3174,4423,315248,1064831.0,73085.0,1663771.0,73747.0,1737518.0,95.8
2012-02-01,2012,2,February,Feb 2012,1120423,51156,532653,1704232,296577,3060,4261,303898,1036193.0,84230.0,1618805.0,85427.0,1704232.0,95.0
2012-03-01,2012,3,March,Mar 2012,1263082,58574,611496,1933153,319223,3366,3476,326065,1197372.0,65710.0,1866206.0,66947.0,1933153.0,96.5
2012-04-01,2012,4,April,Apr 2012,1149634,51689,568200,1769523,302599,2687,2420,307705,1086165.0,63468.0,1704962.0,64561.0,1769523.0,96.4
2012-05-01,2012,5,May,May 2012,1251414,56417,621739,1929570,316001,2748,2383,321133,1191009.0,60405.0,1868050.0,61521.0,1929571.0,96.8
2012-06-01,2012,6,June,Jun 2012,1222084,53957,611800,1887841,306005,2613,2388,311006,1161693.0,60392.0,1826402.0,61439.0,1887841.0,96.7
2012-07-01,2012,7,July,Jul 2012,1248953,55392,620178,1924523,316143,2751,2384,321279,1193640.0,55313.0,1868090.0,56434.0,1924524.0,97.1
2012-08-01,2012,8,August,Aug 2012,1197384,52905,594854,1845142,305791,2516,2373,310680,1143645.0,53739.0,1790535.0,54607.0,1845142.0,97.0
2012-09-01,2012,9,September,Sep 2012,1178361,51526,558604,1788491,303417,2546,2279,308242,1120087.0,58274.0,1729381.0,59110.0,1788491.0,96.7
2012-10-01,2012,10,October,Oct 2012,1214433,53423,564448,1832304,317919,2652,2439,323011,1146459.0,67975.0,1763436.0,68868.0,1832304.0,96.2
2012-11-01,2012,11,November,Nov 2012,1167908,51805,535892,1755605,309441,2798,2251,314490,1098824.0,69084.0,1685591.0,70014.0,1755605.0,96.0
2012-12-01,2012,12,December,Dec 2012,1202080,47553,572792,1822426,326829,1288,2424,330541,1106158.0,95922.0,1725239.0,97187.0,1822426.0,94.7
2013-01-01,2013,1,January,Jan 2013,1149837,49518,533763,1733118,316171,1067,2311,319548,1056300.0,93537.0,1638557.0,94561.0,1733118.0,94.5
2013-02-01,2013,2,February,Feb 2013,1085333,48970,514445,1648748,290544,1130,2222,293896,992426.0,92907.0,1554636.0,94112.0,1648748.0,94.3
2013-03-01,2013,3,March,Mar 2013,1226196,54219,584669,1865084,326673,1336,2441,330450,1106666.0,119531.0,1744089.0,120995.0,1865084.0,93.5
2013-04-01,2013,4,April,Apr 2013,1199089,54306,578025,1831420,309033,1252,2379,312664,1080364.0,118725.0,1711299.0,120122.0,1831421.0,93.4
2013-05-01,2013,5,May,May 2013,1229747,54729,607194,1891670,316072,1317,2376,319764,1166193.0,63555.0,1826847.0,64823.0,1891670.0,96.6
2013-06-01,2013,6,June,Jun 2013,1191352,54589,585094,1831036,304051,1219,2318,307589,1136079.0,55273.0,1774696.0,56340.0,1831036.0,96.9
2013-07-01,2013,7,July,Jul 2013,1281700,55536,639053,1976289,318790,1399,2280,322470,1217422.0,64277.0,1910700.0,65589.0,1976289.0,96.7
2013-08-01,2013,8,August,Aug 2013,1189671,53239,597681,1840591,309887,1298,2262,313448,1122312.0,67359.0,1772195.0,68396.0,1840591.0,96.3
2013-09-01,2013,9,September,Sep 2013,1156569,52312,559868,1768749,307638,1298,2145,311081,1082967.0,73602.0,1694205.0,74544.0,1768749.0,95.8
2013-10-01,2013,10,October,Oct 2013,1199259,52705,577465,1829429,322015,1332,2275,325621,1121110.0,78148.0,1750179.0,79250.0,1829429.0,95.7
2013-11-01,2013,11,November,Nov 2013,1139112,50631,543294,1733037,315374,1391,2161,318927,1069367.0,69745.0,1662255.0,70781.0,1733036.0,95.9
2013-12-01,2013,12,December,Dec 2013,1172011,47809,562209,1782029,333324,1491,2655,337470,1088947.0,83064.0,1697980.0,84049.0,1782029.0,95.3
2014-01-01,2014,1,January,Jan 2014,1142284,51060,546196,1739539,328887,1240,2436,332563,1059249.0,83034.0,1655543.0,83996.0,1739539.0,95.2
2014-02-01,2014,2,February,Feb 2014,1084744,47705,529366,1661814,302575,1163,2247,305984,996820.0,87924.0,1572713.0,89101.0,1661814.0,94.6
2014-03-01,2014,3,March,Mar 2014,1269436,55798,632107,1957341,336284,1346,2361,339992,1185253.0,84183.0,1871512.0,85829.0,1957341.0,95.6
2014-04-01,2014,4,April,Apr 2014,1213066,52034,612576,1877676,326337,1319,2415,330071,1125630.0,87436.0,1788719.0,88957.0,1877676.0,95.3
2014-05-01,2014,5,May,May 2014,1287333,54446,636250,1978028,339253,1231,2677,343161,1186776.0,100557.0,1875839.0,102190.0,1978029.0,94.8
2014-06-01,2014,6,June,Jun 2014,1265211,54997,622060,1942268,327065,1251,2548,330864,1174433.0,90778.0,1849404.0,92864.0,1942268.0,95.2
2014-07-01,2014,7,July,Jul 2014,1302588,55793,635250,1993631,334823,1329,2513,338665,1208070.0,94519.0,1897359.0,96272.0,1993631.0,95.2
2014-08-01,2014,8,August,Aug 2014,1188147,53051,576112,1817310,321638,1233,2405,325277,1100823.0,87323.0,1728430.0,88880.0,1817310.0,95.1
2014-09-01,2014,9,September,Sep 2014,1221782,52195,579309,1853286,323733,1245,2414,327392,1123719.0,98063.0,1753436.0,99850.0,1853286.0,94.6
2014-10-01,2014,10,October,Oct 2014,1250114,54428,587832,1892374,339833,1572,2584,343988,1132970.0,117144.0,1773396.0,118978.0,1892374.0,93.7
2014-11-01,2014,11,November,Nov 2014,1205519,52329,572612,1830460,331924,1799,3355,337078,1087855.0,117664.0,1710729.0,119731.0,1830460.0,93.5
2014-12-01,2014,12,December,Dec 2014,1241895,47660,611673,1901227,353472,1807,3731,359010,1052857.0,189038.0,1709072.0,192155.0,1901227.0,89.9
2015-01-01,2015,1,January,Jan 2015,1124040,50900,557126,1732067,333669,1400,3389,338459,972839.0,151201.0,1578911.0,153156.0,1732067.0,91.2
2015-02-01,2015,2,February,Feb 2015,1072452,48157,534238,1654846,306651,1287,2915,310853,941203.0,131248.0,1521979.0,132868.0,1654847.0,92.0
2015-03-01,2015,3,March,Mar 2015,1251325,56383,635259,1942967,340682,1603,4359,346645,1112666.0,138659.0,1801773.0,141194.0,1942967.0,92.7
2015-04-01,2015,4,April,Apr 2015,1206631,52366,614171,1873168,326807,1434,4126,332367,1083542.0,123089.0,1747368.0,125799.0,1873167.0,93.3
2015-05-01,2015,5,May,May 2015,1254445,54809,628214,1937469,339572,1485,4315,345372,1146859.0,107586.0,1827184.0,110284.0,1937468.0,94.3
2015-06-01,2015,6,June,Jun 2015,1249213,53398,608598,1911209,328757,1139,4085,333981,1152550.0,96663.0,1811885.0,99324.0,1911209.0,94.8
2015-07-01,2015,7,July,Jul 2015,1271523,53417,627955,1952895,338445,1393,4203,344041,1176360.0,95163.0,1855420.0,97475.0,1952895.0,95.0
2015-08-01,2015,8,August,Aug 2015,1215826,49458,599855,1865139,331841,1225,4063,337129,1111430.0,104396.0,1758664.0,106475.0,1865139.0,94.3
2015-09-01,2015,9,September,Sep 2015,1221594,50868,587517,1859979,332984,1250,3847,338081,1101364.0,120230.0,1736868.0,123111.0,1859979.0,93.4
2015-10-01,2015,10,October,Oct 2015,1261395,50275,611438,1923108,345833,1041,4308,351182,1117242.0,144153.0,1775554.0,147554.0,1923108.0,92.3
2015-11-01,2015,11,November,Nov 2015,1236294,48306,589635,1874235,340241,1037,3630,344908,1075801.0,160493.0,1710763.0,163472.0,1874235.0,91.3
2015-12-01,2015,12,December,Dec 2015,1232965,46148,588539,1867652,353112,1098,3921,358131,1067228.0,165737.0,1699048.0,168604.0,1867652.0,91.0
2016-01-01,2016,1,January,Jan 2016,1250005,47208,609707,1906920,353778,1114,4076,358968,1037870.0,212135.0,1690634.0,216286.0,1906920.0,88.7
2016-02-01,2016,2,February,Feb 2016,1218372,48387,604017,1870776,333519,1047,3784,338350,994262.0,224110.0,1641695.0,229081.0,1870776.0,87.8
2016-03-01,2016,3,March,Mar 2016,1350373,49906,687274,2087553,357724,1125,4466,363315,1091694.0,258679.0,1821719.0,265834.0,2087553.0,87.3
2016-04-01,2016,4,April,Apr 2016,1214057,50359,603365,1867781,333458,1079,3676,338213,1031657.0,182400.0,1681659.0,186122.0,1867781.0,90.0
2016-05-01,2016,5,May,May 2016,1353206,52180,664954,2070340,359307,1108,3965,364380,1156105.0,197101.0,1869011.0,201329.0,2070340.0,90.3
2016-06-01,2016,6,June,Jun 2016,1282499,52180,624123,1958802,346030,1087,3843,350960,1100964.0,181535.0,1773890.0,184912.0,1958802.0,90.6
2016-07-01,2016,7,July,Jul 2016,1353477,52961,672596,2079034,356986,1100,3693,361779,1155474.0,198003.0,1877061.0,201973.0,2079034.0,90.3
2016-08-01,2016,8,August,Aug 2016,1254439,52404,626058,1932901,342617,1186,3882,347685,1083307.0,171132.0,1758482.0,174419.0,1932901.0,91.0
2016-09-01,2016,9,September,Sep 2016,1277578,52521,622365,1952464,345085,1226,3841,350152,1098740.0,178838.0,1769867.0,182597.0,1952464.0,90.6
2016-10-01,2016,10,October,Oct 2016,1317571,51020,633225,2001816,357874,1160,4275,363309,1102967.0,214604.0,1782679.0,219137.0,2001816.0,89.1
2016-11-01,2016,11,November,Nov 2016,1258205,49979,599687,1907871,351285,1166,4095,356546,1040079.0,218126.0,1686158.0,221713.0,1907871.0,88.4
2016-12-01,2016,12,December,Dec 2016,1277133,45569,621865,1944567,366086,1078,3384,370548,1013156.0,263977.0,1675749.0,268818.0,1944567.0,86.2
2017-01-01,2017,1,January,Jan 2017,1237177,48039,610056,1895272,358045,1186,3709,362940,960146.0,277031.0,1613660.0,281612.0,1895272.0,85.1
2017-02-01,2017,2,February,Feb 2017,1127909,45733,561977,1735619,322294,1029,3338,326661,915403.0,212506.0,1519203.0,216416.0,1735619.0,87.5
2017-03-01,2017,3,March,Mar 2017,1309507,53355,652972,2015834,365117,1165,3821,370103,1113881.0,195626.0,1814442.0,201392.0,2015834.0,90.0
2017-04-01,2017,4,April,Apr 2017,1253743,47550,648469,1949762,347805,1124,3636,352565,1074366.0,179377.0,1764832.0,184930.0,1949762.0,90.5
2017-05-01,2017,5,May,May 2017,1347297,51037,668455,2066789,369644,1186,3640,374470,1140074.0,207223.0,1853917.0,212872.0,2066789.0,89.7
2017-06-01,2017,6,June,Jun 2017,1296877,50612,646567,1994056,356052,1243,3898,361193,1116618.0,180259.0,1809111.0,184945.0,1994056.0,90.7
2017-07-01,2017,7,July,Jul 2017,1348648,50369,674927,2073944,365685,1164,3658,370507,1153599.0,195049.0,1873763.0,200181.0,2073944.0,90.3
2017-08-01,2017,8,August,Aug 2017,1256655,47912,620096,1924663,356405,1176,3404,360985,1073662.0,182993.0,1737956.0,186707.0,1924663.0,90.3
2017-09-01,2017,9,September,Sep 2017,1263957,47250,614754,1925961,356160,1177,3661,360998,1068942.0,195015.0,1726934.0,199027.0,1925961.0,89.7
2017-10-01,2017,10,October,Oct 2017,1325211,50198,668728,2044137,373673,1204,3934,378811,1124093.0,201118.0,1838535.0,205602.0,2044137.0,89.9
2017-11-01,2017,11,November,Nov 2017,1281913,48223,646835,1976971,372551,1243,3876,377670,1064496.0,217417.0,1754889.0,222082.0,1976971.0,88.8
2017-12-01,2017,12,December,Dec 2017,1289587,42158,672209,2003954,387919,1150,4467,393536,996727.0,292860.0,1703061.0,300893.0,2003954.0,85.0
2018-01-01,2018,1,January,Jan 2018,1257026,49987,693073,2000086,383879,1214,4634,389727,969985.0,287041.0,1706057.0,294029.0,2000086.0,85.3
2018-02-01,2018,2,February,Feb 2018,1151757,41902,626353,1820012,347470,1087,4145,352702,885797.0,265960.0,1547825.0,272187.0,1820012.0,85.0
2018-03-01,2018,3,March,Mar 2018,1299796,46655,703334,2049785,385196,1283,4523,391002,993095.0,306701.0,1734553.0,315232.0,2049785.0,84.6
2018-04-01,2018,4,April,Apr 2018,1246348,47256,690765,1984369,370142,1418,4290,375850,1025362.0,220986.0,1757605.0,226764.0,1984369.0,88.6
2018-05-01,2018,5,May,May 2018,1354711,49219,760528,2164458,392433,1508,4762,398703,1153259.0,201452.0,1956456.0,208002.0,2164458.0,90.4
2018-06-01,2018,6,June,Jun 2018,1306739,49635,737568,2093942,376782,1646,4506,382934,1118941.0,187798.0,1900524.0,193418.0,2093942.0,90.8
2018-07-01,2018,7,July,Jul 2018,1365859,49846,764191,2179896,390294,1523,4908,396725,1139867.0,225992.0,1947072.0,232824.0,2179896.0,89.3
2018-08-01,2018,8,August,Aug 2018,1252767,49117,695970,1997854,382863,1508,4703,389074,1051958.0,200809.0,1792615.0,205239.0,1997854.0,89.7
2018-09-01,2018,9,September,Sep 2018,1269088,47622,688985,2005695,379951,1389,4635,385975,1052878.0,216210.0,1783939.0,221756.0,2005695.0,88.9
2018-10-01,2018,10,October,Oct 2018,1320032,51282,708178,2079492,398478,1703,4913,405094,1097167.0,222865.0,1850942.0,228550.0,2079492.0,89.0
2018-11-01,2018,11,November,Nov 2018,1305353,48465,684029,2037847,397128,1698,4690,403516,1059425.0,245928.0,1785245.0,252602.0,2037847.0,87.6
2018-12-01,2018,12,December,Dec 2018,1307359,43072,697087,2047518,407286,1565,4781,413632,1037320.0,270039.0,1770004.0,277514.0,2047518.0,86.4
2019-01-01,2019,1,January,Jan 2019,1344354,47616,721443,2113413,414698,1680,5095,421473,1022576.0,321778.0,1782717.0,330696.0,2113413.0,84.4
2019-02-01,2019,2,February,Feb 2019,1234328,44183,676436,1954947,370476,1645,5381,377502,935100.0,299228.0,1646559.0,308388.0,1954947.0,84.2
2019-03-01,2019,3,March,Mar 2019,1373061,50490,744000,2167551,409617,1730,4617,415964,1091504.0,281557.0,1877301.0,290250.0,2167551.0,86.6
2019-04-01,2019,4,April,Apr 2019,1330825,49281,732059,2112165,398802,1787,4850,405439,1026604.0,304221.0,1797984.0,314181.0,2112165.0,85.1
2019-05-01,2019,5,May,May 2019,1369332,50642,752032,2172006,406065,2145,4631,412841,958786.0,253619.0,1694301.0,261465.0,1955766.0,86.6
2019-06-01,2019,6,June,Jun 2019,1334137,49233,724617,2107987,392446,1528,4696,398670,930754.0,250465.0,1638461.0,258582.0,1897043.0,86.4
2019-07-01,2019,7,July,Jul 2019,1415918,52418,796714,2265050,408752,1840,5101,415693,990283.0,264384.0,1763996.0,275515.0,2039511.0,86.5
2019-08-01,2019,8,August,Aug 2019,1324070,48786,752579,2125435,393710,1366,4877,399953,919189.0,254243.0,1653995.0,262730.0,1916725.0,86.3
2019-09-01,2019,9,September,Sep 2019,1342510,48217,732618,2123345,391228,1363,7133,399724,915506.0,273446.0,1630176.0,282197.0,1912373.0,85.2
2019-10-01,2019,10,October,Oct 2019,1376347,50391,744147,2170885,412649,1810,6647,421106,908243.0,311503.0,1635544.0,320025.0,1955569.0,83.6
2019-11-01,2019,11,November,Nov 2019,1366383,47179,729943,2143505,408116,1736,6607,416459,863910.0,347294.0,1571567.0,358128.0,1929695.0,81.4
2019-12-01,2019,12,December,Dec 2019,1373654,43458,763425,2180537,416017,3570,5047,424634,834037.0,381159.0,1565862.0,396198.0,1962060.0,79.8
2020-01-01,2020,1,January,Jan 2020,1327234,49597,737878,2114709,408501,1729,6311,416541,836435.0,338870.0,1555315.0,348776.0,1904091.0,81.7
2020-02-01,2020,2,February,Feb 2020,1237255,45124,687312,1969691,374612,3231,4434,382277,799611.0,296195.0,1468379.0,305307.0,1773686.0,82.8
2020-03-01,2020,3,March,Mar 2020,1013021,32747,486033,1531801,319392,1394,5047,325833,685711.0,212557.0,1162096.0,216801.0,1378897.0,84.3
2020-04-01,2020,4,April,Apr 2020,689720,19726,207129,916575,252680,960,4288,257928,530642.0,77357.0,739471.0,78135.0,817606.0,90.4
2020-05-01,2020,5,May,May 2020,924218,26479,311140,1261837,308798,1165,2756,312719,741249.0,71894.0,1049584.0,72861.0,1122445.0,93.5
2020-06-01,2020,6,June,Jun 2020,1016132,30894,363576,1410602,332910,1344,3455,337709,806396.0,89368.0,1165135.0,90711.0,1255846.0,92.8
2020-07-01,2020,7,July,Jul 2020,1120421,32759,435106,1588286,358671,1340,3372,363383,875764.0,111270.0,1301061.0,113278.0,1414339.0,92.0
2020-08-01,2020,8,August,Aug 2020,1179019,32231,507753,1719003,365503,1217,3488,370208,876520.0,162951.0,1367700.0,166099.0,1533799.0,89.2
2020-09-01,2020,9,September,Sep 2020,1163948,33295,496637,1693880,365705,1208,3682,370595,837766.0,188521.0,1319940.0,192094.0,1512034.0,87.3
2020-10-01,2020,10,October,Oct 2020,1111958,33012,454377,1599347,367175,1270,3514,371959,755357.0,218178.0,1198227.0,221002.0,1419229.0,84.4
2020-11-01,2020,11,November,Nov 2020,1036350,31872,416954,1485176,343989,1155,3533,348677,696824.0,210250.0,1104337.0,212753.0,1317090.0,83.8
2020-12-01,2020,12,December,Dec 2020,1039474,29838,405362,1474674,351824,1146,3535,356505,657248.0,255051.0,1049849.0,257854.0,1307703.0,80.3
2021-01-01,2021,1,January,Jan 2021,941194,25744,343868,1310806,343534,1085,3426,348045,578346.0,247232.0,912775.0,249811.0,1162586.0,78.5
2021-02-01,2021,2,February,Feb 2021,903771,27972,346348,1278091,318460,1101,3485,323046,613071.0,179397.0,951715.0,182335.0,1134050.0,83.9
2021-03-01,2021,3,March,Mar 2021,1161079,35656,494547,1691282,375926,1391,5605,382922,815451.0,203015.0,1294748.0,208329.0,1503077.0,86.1
2021-04-01,2021,4,April,Apr 2021,1259266,35363,571603,1866232,385748,1261,5267,392276,868744.0,234255.0,1415993.0,242921.0,1658914.0,85.4
2021-05-01,2021,5,May,May 2021,1396116,38747,640679,2075542,411470,1403,5593,418466,933355.0,289681.0,1544587.0,300908.0,1845495.0,83.7
2021-06-01,2021,6,June,Jun 2021,1436111,39162,681859,2157132,401052,1444,5423,407919,920100.0,337587.0,1559797.0,358838.0,1918635.0,81.3
2021-07-01,2021,7,July,Jul 2021,1430733,39313,690082,2160128,402085,1323,7160,410568,846949.0,405163.0,1493118.0,428003.0,1921121.0,77.7
2021-08-01,2021,8,August,Aug 2021,1341757,39864,654346,2035967,381911,1325,5555,388791,777084.0,397235.0,1394938.0,416277.0,1811215.0,77.0
2021-09-01,2021,9,September,Sep 2021,1392405,40503,694296,2127204,379118,1296,5309,385723,778556.0,438530.0,1421153.0,468210.0,1889363.0,75.2
2021-10-01,2021,10,October,Oct 2021,1419010,39701,706091,2164802,389169,1176,5363,395708,768883.0,472548.0,1422881.0,501642.0,1924523.0,73.9
2021-11-01,2021,11,November,Nov 2021,1336830,39025,662100,2037955,374964,1246,5298,381508,724210.0,445743.0,1344752.0,470980.0,1815732.0,74.1
2021-12-01,2021,12,December,Dec 2021,1250568,34913,589161,1874642,370950,1881,7133,379964,669334.0,423880.0,1225087.0,443247.0,1668334.0,73.4
2022-01-01,2022,1,January,Jan 2022,1247417,36557,591228,1875202,358968,1204,5320,365492,678684.0,410646.0,1239427.0,427604.0,1667031.0,74.3
2022-02-01,2022,2,February,Feb 2022,1205820,37970,581573,1825363,334835,1087,5275,341197,641197.0,412179.0,1189675.0,433787.0,1623462.0,73.3
2022-03-01,2022,3,March,Mar 2022,1421526,41910,711362,2174798,374562,1258,5728,381548,729899.0,514135.0,1388093.0,549773.0,1937866.0,71.6
2022-04-01,2022,4,April,Apr 2022,1312380,37898,678518,2028796,352982,1156,5793,359931,679866.0,472636.0,1311452.0,503748.0,1815200.0,72.2
2022-05-01,2022,5,May,May 2022,1437421,41874,753758,2233053,377496,1276,6015,384787,756611.0,503222.0,1452388.0,541689.0,1994077.0,72.8
2022-06-01,2022,6,June,Jun 2022,1400664,40910,750117,2191691,366684,1265,5979,373928,720645.0,506218.0,1409139.0,546401.0,1955540.0,72.1
2022-07-01,2022,7,July,Jul 2022,1397083,39632,744940,2181655,362027,1198,6144,369369,698972.0,524161.0,1384730.0,563450.0,1948180.0,71.1
2022-08-01,2022,8,August,Aug 2022,1299083,40802,655794,1995679,350562,1307,5219,357088,660688.0,477571.0,1274849.0,503472.0,1778321.0,71.7
2022-09-01,2022,9,September,Sep 2022,1301611,40188,666690,2008489,353779,1325,5653,360757,649490.0,492015.0,1273698.0,518827.0,1792525.0,71.1
2022-10-01,2022,10,October,Oct 2022,1399185,41440,747403,2188028,367028,1411,6302,374741,671834.0,554148.0,1358170.0,595277.0,1953447.0,69.5
2022-11-01,2022,11,November,Nov 2022,1395183,42644,740977,2178804,368997,1558,6271,376826,665696.0,555656.0,1341019.0,602145.0,1943164.0,69.0
2022-12-01,2022,12,December,Dec 2022,1437681,36592,819806,2294079,378202,1359,6171,385732,624143.0,633276.0,1333914.0,711881.0,2045795.0,65.2
2023-01-01,2023,1,January,Jan 2023,1243898,42076,682364,1968338,364353,1464,5386,371203,632299.0,457163.0,1274038.0,483045.0,1757083.0,72.5
2023-02-01,2023,2,February,Feb 2023,1206386,41717,666176,1914279,339726,1403,4993,346122,598368.0,455902.0,1220370.0,486292.0,1706662.0,71.5
2023-03-01,2023,3,March,Mar 2023,1372403,46803,746745,2165951,381708,1461,5198,388367,681584.0,517815.0,1383326.0,550538.0,1933864.0,71.5
2023-04-01,2023,4,April,Apr 2023,1271145,42632,720263,2034040,363625,1340,5150,370115,677126.0,434469.0,1353879.0,460788.0,1814667.0,74.6
2023-05-01,2023,5,May,May 2023,1400815,45826,799278,2245919,388202,1338,5548,395088,740295.0,485602.0,1481444.0,520293.0,2001737.0,74.0
2023-06-01,2023,6,June,Jun 2023,1389009,46196,790521,2225726,381815,1403,4754,387972,835710.0,553299.0,1633255.0,592471.0,2225726.0,73.4
2023-07-01,2023,7,July,Jul 2023,1379854,45513,774420,2199787,391312,1383,7719,400414,840480.0,539374.0,1628514.0,571273.0,2199787.0,74.0
2023-08-01,2023,8,August,Aug 2023,1323647,43923,742291,2109861,384233,1403,4206,389842,782195.0,541452.0,1540843.0,569018.0,2109861.0,73.0
2023-09-01,2023,9,September,Sep 2023,1369045,42631,758370,2170046,383234,1325,4372,388931,789191.0,579854.0,1555893.0,614153.0,2170046.0,71.7
2023-10-01,2023,10,October,Oct 2023,1413597,44769,765954,2224320,401524,1431,4386,407341,789741.0,623856.0,1564021.0,660299.0,2224320.0,70.3
2023-11-01,2023,11,November,Nov 2023,1386008,42365,739211,2167584,396755,1452,4319,402526,767456.0,618552.0,1513384.0,654200.0,2167584.0,69.8
2023-12-01,2023,12,December,Dec 2023,1384220,39282,761416,2184918,406833,1327,4164,412324,756842.0,627378.0,1518656.0,666262.0,2184918.0,69.5
2024-01-01,2024,1,January,Jan 2024,1397975,42835,790015,2230825,403208,1399,4561,409168,774998.0,622977.0,1569718.0,661107.0,2230825.0,70.4
2024-02-01,2024,2,February,Feb 2024,1347642,43868,766312,2157822,382132,1465,4231,387828,760821.0,586821.0,1531890.0,625932.0,2157822.0,71.0
2024-03-01,2024,3,March,Mar 2024,1462878,48922,858421,2370221,420025,1515,4614,426154,890891.0,571987.0,1762147.0,608074.0,2370221.0,74.3
2024-04-01,2024,4,April,Apr 2024,1372028,51495,817145,2240668,398116,1442,4376,403934,829073.0,542955.0,1668983.0,571685.0,2240668.0,74.5
2024-05-01,2024,5,May,May 2024,1472721,51246,892325,2416292,414156,1490,4558,420204,878926.0,593795.0,1787107.0,629185.0,2416292.0,74.0
2024-06-01,2024,6,June,Jun 2024,1405658,49382,839025,2294065,396204,1406,4445,402055,850605.0,555053.0,1711109.0,582956.0,2294065.0,74.6
2024-07-01,2024,7,July,Jul 2024,1425569,51499,847764,2324832,405655,1479,4648,411782,874669.0,550900.0,1748671.0,576161.0,2324832.0,75.2
2024-08-01,2024,8,August,Aug 2024,1320157,48387,792247,2160791,390554,1300,4661,396515,825658.0,494499.0,1649407.0,511384.0,2160791.0,76.3
2024-09-01,2024,9,September,Sep 2024,1364482,48534,801201,2214217,393406,1323,4677,399406,815960.0,548522.0,1643329.0,570888.0,2214217.0,74.2
2024-10-01,2024,10,October,Oct 2024,1453242,49717,857577,2360536,415893,1327,4828,422048,844129.0,609113.0,1725194.0,635342.0,2360536.0,73.1
2024-11-01,2024,11,November,Nov 2024,1428050,47263,839685,2314998,407955,1267,4887,414109,813728.0,614322.0,1671002.0,643996.0,2314998.0,72.2
2024-12-01,2024,12,December,Dec 2024,1440311,44041,861582,2345934,411161,1239,4667,417067,796929.0,643382.0,1668461.0,677473.0,2345934.0,71.1
2025-01-01,2025,1,January,Jan 2025,1359026,49486,809618,2218130,400481,1353,4394,406228,784388.0,574638.0,1619384.0,598746.0,2218130.0,73.0
2025-02-01,2025,2,February,Feb 2025,1271336,45682,771053,2088071,362605,1252,3721,367578,741834.0,529502.0,1533925.0,554146.0,2088071.0,73.5
2025-03-01,2025,3,March,Mar 2025,1450686,51237,887141,2389064,404354,1366,4569,410289,883691.0,566995.0,1791316.0,597748.0,2389064.0,75.0
2025-04-01,2025,4,April,Apr 2025,1388613,49738,859070,2297421,390648,1418,4226,396292,836155.0,552458.0,1718099.0,579322.0,2297421.0,74.8
2025-05-01,2025,5,May,May 2025,1453480,50919,893130,2397529,403026,1440,5060,409526,889677.0,563803.0,1807794.0,589735.0,2397529.0,75.4
2025-06-01,2025,6,June,Jun 2025,1428563,51618,871400,2351581,395628,1389,4863,401880,881692.0,546871.0,1776772.0,574809.0,2351581.0,75.6
2025-07-01,2025,7,July,Jul 2025,1469050,52989,886827,2408866,412893,1443,5115,419451,926890.0,542160.0,1840562.0,568304.0,2408866.0,76.4
2025-08-01,2025,8,August,Aug 2025,1383870,49084,833983,2266937,394548,1261,5111,400920,858328.0,525542.0,1720066.0,546871.0,2266937.0,75.9
2025-09-01,2025,9,September,Sep 2025,1417440,50733,842049,2310222,395054,1343,5349,401746,865776.0,551664.0,1733831.0,576391.0,2310222.0,75.1
2025-10-01,2025,10,October,Oct 2025,1481222,54756,861723,2397701,406835,1364,5511,413710,890610.0,590612.0,1777827.0,619874.0,2397701.0,74.1
2025-11-01,2025,11,November,Nov 2025,1448958,49725,847177,2345860,390459,1314,4971,396744,873886.0,575072.0,1740698.0,605162.0,2345860.0,74.2
2025-12-01,2025,12,December,Dec 2025,1438921,47522,840572,2327015,399046,1312,5020,405378,858176.0,580745.0,1718488.0,608527.0,2327015.0,73.8
2026-01-01,2026,1,January,Jan 2026,1435727,50710,833829,2320266,395611,1399,4932,401942,823308.0,612419.0,1681284.0,638982.0,2320266.0,72.5
2026-02-01,2026,2,February,Feb 2026,1298005,48233,771212,2117450,355598,1281,5051,361930,770769.0,527236.0,1568084.0,549366.0,2117450.0,74.1
